1174235720,Aaron,Hank,,,,,,,,,36.0,,,,
595736516,Alba,Jessica,,,,,,,,,36.0,,,,
757366331,Anthony,Susan,,,,,,,,,36.0,,,,
617631501,Austen,Jane,,,,,,,,,36.0,,,,
1286418998,Bacon,Francis,,,,,,,,,36.0,,,,
371587983,Barton,Joey,,,,,,,,,36.0,,,,
1711076421,Beckett,Samuel,,,,,,,,,36.0,,,,
327601,Bishop,Linda,18/12/1987,female,"Mayfield Cottage, Richmond Park",7923901298,,,,36.0,,,,
1589869121,Bishop,Lindsey,,,,,,,,,36.0,,,,
1710000917,Bowen,Elizabeth,,,,,,,,,36.0,,,,
1442980074,Bush,George,,,,,,,,,36.0,,,,
672331117,Cameron,Kirk,,,,,,,,,36.0,,,,
1065409318,Christie,Agatha,,,,,,,,,36.0,,,,
1975398355,Clark,Wesley,,,,,,,,,36.0,,,,
1107851776,Cole,Andrew,,,,,,,,,36.0,,,,
86301,Cooper,Matt,15/10/1968,male,12-1 Meadow Gardens,2202378,,,,,36.0,,,,
2145087999,Darwin,Charles,,,,,,,,,36.0,,,,
1249256096,Dickinson,Emily,,,,,,,,,36.0,,,,
1542256176,Dylan,Bob,,,,,,,,,36.0,,,,
567337093,Einstein,Albert,,,,,,,,,36.0,,,,
1665161877,Feynman,Richard,,,,,,,,,36.0,,,,
720511889,Garland,Judy,,,,,,,,,36.0,,,,
1940760093,Golding,William,,,,,,,,,36.0,,,,
814555634,Graham,Lindsey,,,,,,,,,36.0,,,,
579614412,Hathaway,Anne,,,,,,,,,36.0,,,,
1284949956,Hirsch,Mary,,,,,,,,,36.0,,,,
1526829030,Hofstadter,Douglas,,,,,,,,,36.0,,,,
248689588,Iacocca,Lee,,,,,,,,,36.0,,,,
2134431237,James,David,,,,,,,,,36.0,,,,
1885672358,Jobs,Steve,,,,,,,,,36.0,,,,
991215,Jones,Sue,,female,105 Holmes Lane,1909320987,,,,,36.0,,,,
424191330,Judd,Ashley,,,,,,,,,36.0,,,,
579312071,Keller,Helen,,,,,,,,,36.0,,,,
1666891421,Kruk,John,,,,,,,,,36.0,,,,
1786942035,Laitman,Michael,,,,,,,,,36.0,,,,
213839,Lees,Sandy,25/7/1967,female,12 West Street,7442345112,,,,,36.0,,,,
1661961586,Lennon,John,,,,,,,,,36.0,,,,
768109684,Lovelace,Richard,,,,,,,,,36.0,,,,
573273918,Marshall,Thomas,,,,,,,,,36.0,,,,
1062105457,Mitchell,Joni,,,,,,,,,36.0,,,,
43755917,Monheit,Jane,,,,,,,,,36.0,,,,
570796292,Newton,Isaac,,,,,,,,,36.0,,,,
438546127,Orwell,George,,,,,,,,,36.0,,,,
430121,Parkin,Simon,30/5/1980,,Flat 102 Mountain View,,,,,,36.0,,,,
826053989,Paterson,Isabel,,,,,,,,,36.0,,,,
741972332,Powell,Martha,,,,,,,,,36.0,,,,
2102338068,Raskin,Nancy,,,,,,,,,36.0,,,,
1434646286,Robinson,Jackie,,,,,,,,,36.0,,,,
1237024772,Rudner,Rita,,,,,,,,,36.0,,,,
1085021890,Sagan,Carl,,,,,,,,,36.0,,,,
870121,Smith,Anne,2/11/1983,female,130 Westside Drive,1142752205,,,,,36.0,,,,
229818555,Snow,Carrie,,,,,,,,,36.0,,,,
1745902607,Stone,Lucy,,,,,,,,,36.0,,,,
299271874,Tesla,Nikola,,,,,,,,,36.0,,,,
92786333,Twain,Mark,,,,,,,,,36.0,,,,
2016091587,Updike,John,,,,,,,,,36.0,,,,
583889177,Vixie,Paul,,,,,,,,,36.0,,,,
49822,Watson,Jane,15/8/1995,,,,,,,,36.0,,,,
589108,Wesley,George,23/2/1951,male,23A Manchester Road,1142684659,,,,,36.0,,,,
1033417557,West,Mae,,,,,,,,,36.0,,,,
1368727553,Wilde,Oscar,,,,,,,,,36.0,,,,
1011423125,Wishington,Martha,,,,,,,,,36.0,,,,
134069709,Wright-Phillips,Bradley,19/7/1961,,,,,,,,36.0,,,,
35455803,Wright-Phillips,Bradley,15/5/1990,,,,,,,,36.0,,,,
2090978002,Wright-Phillips,Laura,,,,,,,,,36.0,,,,
641078815,Young,Cy,,,,,,,,,36.0,,,,
1972903606,Zappa,Frank,,,,,,,,,36.0,,,,
